,Pipeline,Precision,Recall,F1-score,IQV,F1
0,res_trigrams,"80.4 (74.4,86.3)","81.0 (73.4,88.0)","80.6 (76.7,84.6)",7.8999999999999915,80.6
0,res_bigrams,"79.9 (72.2,86.9)","81.6 (74.1,88.0)","80.6 (76.2,84.8)",8.599999999999994,80.6
0,res_unigrams,"80.1 (73.9,86.0)","82.3 (74.1,88.6)","80.6 (75.8,85.2)",9.400000000000006,80.6
