,Pipeline,Precision,Recall,F1-score,IQV,F1
0,res_biobert_all,"80.1 (71.8,86.0)","75.9 (69.6,82.9)","77.7 (72.7,81.4)",8.700000000000003,77.7
0,res_biobert_avg,"78.1 (69.0,85.4)","75.3 (68.3,82.9)","76.6 (71.6,81.3)",9.700000000000003,76.6
0,res_specter,"74.1 (66.5,80.9)","69.0 (62.0,76.6)","71.2 (66.2,75.8)",9.599999999999994,71.2
